customer_id,address_id,status_id
1,359,1
1,962,1
2,77,1
2,708,1
3,39,1
3,564,1
4,317,1
5,177,1
5,754,1
5,800,2
5,990,2
6,277,1
7,517,1
8,434,1
8,926,1
9,917,1
10,7,1
10,853,1
11,369,1
12,833,1
13,522,1
13,983,1
14,34,1
14,303,1
15,360,1
15,931,2
16,984,1
17,365,2
17,805,1
18,628,1
19,239,1
19,838,2
20,629,1
21,149,1
22,75,1
22,947,1
23,4,1
23,229,2
24,905,1
25,458,1
26,207,1
26,440,2
26,762,1
27,323,1
27,558,1
28,945,1
29,456,1
30,78,1
30,970,1
31,524,1
32,570,1
33,174,1
33,682,2
33,883,1
34,767,1
35,843,1
36,682,1
37,73,1
37,589,1
37,791,2
38,112,1
38,162,1
39,33,1
40,196,2
40,985,1
41,137,1
42,1000,1
43,236,1
43,739,1
43,817,1
44,658,1
45,540,1
45,579,1
45,652,2
46,160,1
46,596,2
46,691,1
47,320,1
47,702,1
48,63,1
49,258,1
49,263,1
49,503,1
49,518,1
50,327,1
51,588,2
51,889,1
52,938,1
53,577,1
53,877,1
54,370,1
55,469,1
55,756,1
56,553,1
57,379,2
57,903,1
58,83,1
59,151,1
60,444,1
61,62,1
62,27,1
62,651,1
63,272,1
64,579,1
65,934,1
66,232,2
66,744,1
67,82,1
67,298,1
68,116,1
68,197,1
69,724,1
70,459,1
71,215,2
71,664,1
72,233,1
73,930,1
74,823,1
75,378,1
76,815,1
76,837,1
77,306,1
78,25,1
78,698,1
79,512,1
80,125,1
80,782,1
81,548,1
82,803,2
82,866,1
83,77,1
83,241,1
84,9,2
84,162,1
84,206,1
85,836,1
86,638,1
87,81,1
87,205,1
88,217,1
89,230,1
89,305,1
90,33,1
90,502,1
91,398,1
91,724,1
92,340,1
92,870,1
93,477,1
94,238,1
94,456,1
94,992,1
95,92,1
95,345,1
95,435,2
96,686,1
97,11,2
97,548,1
97,869,1
97,890,1
98,202,1
99,73,1
99,942,2
100,660,1
101,98,1
101,466,2
101,801,1
101,959,2
102,571,1
103,18,1
103,613,1
104,587,1
104,818,1
105,88,1
105,820,1
106,132,2
106,262,1
107,25,2
107,275,1
108,85,1
108,627,1
109,704,1
110,331,1
111,158,1
111,728,1
111,985,2
112,154,1
113,602,1
114,408,1
115,444,1
116,739,1
116,994,1
117,164,1
117,415,1
118,195,1
118,416,2
118,466,1
119,62,1
120,152,1
120,420,2
121,555,1
121,732,1
122,978,1
123,795,1
124,589,1
124,968,1
125,185,1
125,575,1
126,625,1
127,336,1
128,185,1
128,320,1
129,235,1
129,709,1
130,647,1
131,288,1
132,444,1
133,605,1
133,702,1
134,308,1
135,991,1
136,582,1
137,602,1
138,646,1
139,25,1
140,260,1
141,641,1
142,588,2
142,599,1
142,841,1
143,481,1
144,547,1
144,563,1
145,84,1
145,423,1
146,460,1
146,749,1
146,896,2
147,780,1
147,977,1
148,280,1
148,814,1
149,327,1
150,424,2
150,955,1
151,892,1
152,700,1
153,254,1
154,523,1
155,212,1
155,417,2
155,636,1
156,280,1
157,905,1
158,322,1
158,657,1
159,327,1
160,480,1
161,96,1
161,153,2
161,190,1
161,350,1
161,770,1
162,612,2
162,715,1
162,873,1
163,559,1
164,648,1
165,77,1
165,767,1
166,51,1
166,669,1
167,917,1
167,984,1
168,391,1
169,203,1
169,824,1
170,709,1
171,224,1
172,588,1
173,199,1
174,223,1
175,97,1
175,588,2
175,662,1
176,80,1
177,641,1
177,938,1
178,187,2
178,650,1
179,197,1
180,120,2
180,486,1
180,959,1
181,317,2
181,344,1
182,352,1
182,879,1
183,741,1
183,921,1
184,476,1
184,868,1
185,152,1
185,171,1
185,421,2
186,494,1
186,692,1
187,152,1
187,934,1
188,965,2
188,991,1
189,441,2
189,624,1
189,995,1
190,489,1
191,41,1
191,838,1
192,657,2
192,972,1
193,685,1
194,44,1
195,357,1
196,358,1
196,448,1
197,560,1
197,604,1
198,522,1
198,704,1
199,101,1
200,269,1
201,114,1
201,178,2
201,283,1
201,375,1
201,486,2
202,495,1
203,291,1
204,116,1
204,353,1
204,394,2
205,17,1
205,919,1
206,87,1
206,409,1
207,472,1
207,944,1
208,23,1
209,660,1
210,81,1
211,539,1
212,925,1
213,209,2
213,271,1
214,185,1
214,325,1
214,824,2
215,558,1
215,711,1
216,130,1
217,93,1
218,82,1
219,631,2
219,642,1
220,772,1
221,6,1
221,915,1
222,581,1
223,760,1
224,837,2
224,867,1
224,925,1
225,740,1
226,984,1
227,363,1
228,374,1
229,145,1
229,292,1
230,198,1
230,671,1
230,696,1
231,683,1
231,778,1
232,239,1
233,615,1
233,751,2
234,305,1
234,390,1
235,61,1
235,210,1
235,792,2
236,203,1
237,244,1
237,258,1
238,376,1
239,453,1
239,714,1
240,495,1
241,227,1
241,562,1
242,375,1
243,687,1
244,11,1
244,428,1
245,205,1
245,686,2
245,822,1
246,157,1
247,176,1
247,922,1
248,4,1
249,110,1
249,236,2
249,548,1
250,230,1
250,433,1
250,820,1
251,144,2
251,930,1
251,987,1
252,210,1
252,796,1
253,156,1
254,30,1
255,466,1
255,961,1
256,46,1
257,12,1
257,473,1
258,281,1
258,819,2
259,117,1
260,26,2
260,139,1
261,173,1
261,319,1
261,621,1
262,36,1
262,617,1
263,902,1
264,10,1
265,237,1
266,220,1
266,830,1
266,966,2
267,12,2
267,150,1
267,936,1
268,111,1
268,933,1
269,3,2
269,649,1
270,717,2
270,946,1
271,341,1
271,737,1
272,144,1
273,395,1
274,253,2
274,390,1
274,687,1
275,214,1
275,487,1
276,373,1
276,443,1
277,382,2
277,591,1
277,976,1
278,763,1
278,808,2
279,715,1
280,750,1
280,984,1
281,442,1
282,565,1
283,87,1
284,405,1
284,667,1
285,309,1
285,457,2
285,760,1
286,398,1
287,465,1
287,973,1
288,623,1
288,760,1
289,781,1
290,482,1
290,681,1
290,831,1
291,135,1
292,559,1
293,964,1
294,806,1
295,349,1
296,4,1
296,20,2
296,755,1
297,25,2
297,44,1
297,195,1
298,794,1
298,826,1
299,605,1
300,215,1
300,280,1
301,447,1
302,343,1
302,544,1
303,714,1
304,355,1
305,748,1
306,146,1
307,63,2
307,298,1
308,6,2
308,411,1
308,539,1
309,971,1
310,727,1
310,763,1
311,448,1
312,53,1
312,766,2
312,888,1
313,408,1
314,914,1
315,778,1
316,433,1
316,953,2
316,967,1
317,122,1
318,21,1
318,165,1
318,442,1
318,608,2
319,595,1
320,65,2
320,97,1
320,648,1
320,893,1
320,920,1
321,894,1
322,298,1
323,251,1
324,381,1
325,478,1
325,595,1
326,794,2
326,995,1
327,759,1
328,254,1
328,525,2
328,792,1
329,235,1
330,544,1
330,625,1
331,124,1
331,991,1
332,378,2
332,504,1
332,907,1
333,509,1
333,630,1
334,190,1
334,545,1
334,720,2
335,719,1
335,927,1
336,104,1
337,285,1
337,581,2
337,940,1
338,967,1
339,249,1
340,998,1
341,459,1
342,105,1
342,209,1
343,568,1
344,87,1
345,319,1
346,733,1
347,325,1
347,564,1
347,602,2
348,18,1
349,300,1
349,317,1
350,405,1
350,807,1
351,383,1
352,320,1
352,926,2
352,961,1
353,291,1
354,225,1
355,719,1
355,898,1
356,33,1
356,485,1
357,549,1
357,719,1
358,758,1
359,284,2
359,597,1
359,779,1
360,906,1
361,485,2
361,791,1
362,45,2
362,300,1
362,940,1
363,282,1
364,976,1
365,379,1
366,524,1
366,673,1
367,152,1
367,369,1
367,782,2
368,393,1
368,514,2
369,51,2
369,288,1
369,589,1
369,834,2
370,217,1
370,467,1
370,789,1
371,589,2
371,600,1
372,837,1
373,700,1
373,740,1
374,891,1
374,906,1
375,134,1
376,923,1
377,713,1
378,514,1
378,577,2
379,10,1
380,9,1
381,179,2
381,711,1
381,752,1
381,912,2
382,224,1
382,397,1
383,844,1
384,828,1
385,531,1
385,770,1
386,180,1
387,58,1
387,960,1
388,207,2
388,685,1
389,78,1
389,486,1
390,387,1
390,872,1
390,892,1
391,915,1
392,587,1
393,658,1
394,165,2
394,420,1
395,972,1
396,425,1
397,249,1
397,555,1
398,699,1
399,283,1
399,366,1
400,848,1
401,907,1
401,908,1
402,589,1
402,929,1
403,504,2
403,713,1
404,397,2
404,533,1
405,668,1
406,153,1
407,372,1
408,246,1
409,361,1
410,158,1
410,594,1
411,402,1
412,631,1
412,704,1
413,1,1
414,92,1
414,847,2
415,161,2
415,947,1
416,772,1
417,697,1
418,692,1
419,735,1
419,971,1
420,259,2
420,857,1
421,735,1
422,331,1
423,531,1
423,931,1
424,306,1
425,349,1
425,468,1
425,990,1
426,699,1
427,15,1
427,444,1
428,62,1
429,610,1
430,780,1
430,907,1
431,377,1
432,325,1
432,564,1
433,331,1
434,872,1
434,941,1
435,386,1
435,535,1
436,473,1
436,678,2
437,698,1
437,909,1
438,713,1
438,955,1
439,850,1
440,564,1
440,854,1
441,216,1
442,853,1
443,372,1
444,527,1
445,465,1
445,931,1
446,129,1
446,220,1
446,725,2
446,774,1
447,566,1
447,829,1
448,335,1
448,575,1
448,945,1
449,842,1
450,171,1
451,10,2
451,173,1
451,896,1
452,980,1
453,665,1
454,469,2
454,536,1
454,798,1
454,883,2
455,17,1
455,386,1
456,188,1
456,620,2
457,522,1
458,699,1
458,986,1
459,179,1
459,338,1
460,798,1
461,23,1
461,436,1
462,698,1
463,267,1
463,286,1
464,272,1
464,277,1
465,601,1
466,788,1
467,941,1
468,195,1
468,827,1
469,625,1
470,410,1
471,58,1
471,750,2
472,277,1
472,794,2
472,840,1
473,776,1
474,332,1
474,444,1
475,177,1
475,286,2
475,881,1
476,705,1
477,127,1
477,556,2
477,749,1
477,821,2
478,680,1
479,799,1
480,79,1
480,208,1
481,864,1
482,57,1
483,926,1
484,293,1
485,133,1
486,441,2
486,498,1
486,820,1
487,108,2
487,139,1
488,474,1
489,526,1
490,986,1
491,792,1
492,5,1
492,479,2
492,981,1
493,37,1
494,564,1
495,978,1
496,299,1
497,73,1
497,529,2
498,418,1
499,295,1
500,70,1
501,437,1
502,306,1
503,543,1
504,492,1
505,563,1
506,15,1
506,327,2
506,645,1
507,600,1
508,656,1
509,321,1
509,911,1
510,821,1
511,509,1
512,826,1
512,954,1
513,706,1
514,353,1
515,218,1
515,612,1
516,365,1
516,790,2
517,348,1
517,904,1
518,400,1
518,552,1
519,986,1
520,55,1
521,673,1
522,534,1
522,946,1
523,765,1
524,159,1
525,110,1
526,86,1
527,944,1
528,482,1
529,121,1
530,510,1
530,821,1
531,715,1
532,30,1
532,174,2
532,180,1
533,17,1
533,209,1
533,836,1
534,839,2
534,846,1
535,311,1
536,80,1
536,143,1
537,227,1
538,971,1
539,177,1
539,947,2
540,861,1
541,186,1
542,221,1
543,89,1
543,719,1
544,353,1
544,628,1
545,528,2
545,617,1
546,354,1
547,273,1
547,875,1
548,901,1
549,482,1
550,151,1
550,765,1
551,416,1
551,546,1
552,934,1
553,429,1
554,325,1
554,984,1
555,21,1
556,795,1
557,508,1
557,887,1
558,22,1
558,89,1
559,602,1
559,717,1
560,176,1
560,250,1
560,577,2
561,730,1
562,143,1
562,629,1
563,385,1
563,486,1
564,469,1
564,777,1
565,316,1
565,427,2
566,396,1
567,998,1
568,50,1
568,287,2
569,298,1
569,872,1
570,665,1
570,678,1
571,284,1
571,618,1
571,815,2
572,482,1
572,832,1
573,465,1
573,512,1
574,786,1
574,874,1
574,894,2
575,120,1
576,805,1
577,514,2
577,727,1
577,972,1
578,210,1
578,854,1
579,804,1
580,275,1
581,249,1
582,713,1
583,339,1
584,650,1
585,544,1
585,776,1
585,872,1
586,317,1
587,65,1
588,212,1
588,643,1
589,17,1
589,252,1
590,366,1
591,24,1
591,203,2
591,441,1
591,945,1
592,146,1
592,638,1
593,248,1
594,185,2
594,233,1
594,777,1
594,842,2
595,754,1
596,736,1
597,455,1
598,987,1
599,292,1
599,348,2
599,638,1
600,62,1
601,754,1
601,797,1
602,77,1
602,310,1
602,865,1
603,898,1
604,427,1
605,239,1
606,213,1
607,113,2
607,606,1
608,134,1
609,106,2
609,526,1
609,834,1
610,948,1
611,810,1
612,770,1
613,173,1
613,406,1
613,698,2
614,337,1
614,598,1
614,728,1
615,166,1
616,230,1
616,693,1
617,226,2
617,440,1
617,968,1
618,533,1
618,733,1
619,305,2
619,379,1
619,450,1
620,614,1
620,998,1
621,202,1
621,643,1
622,754,1
622,863,1
623,258,1
624,717,1
624,830,1
625,183,1
626,291,1
627,402,1
628,440,1
628,595,1
629,748,1
630,243,1
630,429,1
631,951,1
632,263,1
632,394,2
632,508,1
633,258,1
633,260,1
634,840,1
635,850,1
636,255,1
636,629,1
636,677,1
637,35,2
637,144,1
638,475,1
639,382,1
640,115,1
640,966,1
641,318,2
641,654,1
642,304,1
643,264,1
643,893,1
644,19,1
645,448,1
646,9,1
646,961,1
647,283,1
647,887,1
648,731,1
649,646,1
650,211,1
650,349,1
650,424,1
651,413,1
651,992,1
652,290,1
653,559,1
653,947,2
654,10,1
654,358,2
655,733,1
656,189,1
657,174,1
658,556,1
659,679,1
659,956,1
660,70,1
660,524,1
661,580,1
662,86,1
662,263,1
662,900,2
663,144,1
663,195,1
664,426,1
664,814,1
665,122,1
666,739,1
667,872,1
668,702,1
668,718,1
668,891,2
669,43,1
670,22,1
670,374,1
670,619,1
671,177,1
672,811,1
673,14,1
674,631,1
675,722,1
676,276,1
676,473,1
677,674,1
678,449,1
678,498,1
679,16,1
680,789,1
681,138,1
681,557,2
682,957,1
683,168,1
683,794,1
684,450,1
684,853,1
685,201,1
685,629,2
686,881,1
687,126,1
687,273,1
688,243,1
688,634,1
688,706,1
689,369,1
690,336,1
690,620,1
691,266,1
692,199,1
693,678,1
694,121,1
694,555,1
695,619,1
695,936,1
695,971,2
696,677,1
697,114,1
697,973,1
698,292,1
698,834,1
699,762,1
700,720,1
701,797,1
702,634,1
703,104,2
703,320,1
704,729,1
705,570,1
706,203,1
706,392,1
706,751,1
707,34,1
707,364,1
708,179,1
709,744,1
710,214,1
710,534,1
710,647,2
710,870,1
711,346,1
712,936,1
713,859,1
714,108,1
714,505,1
715,85,1
715,505,1
715,976,2
716,707,1
717,13,1
717,860,1
718,45,1
718,796,1
719,228,1
720,40,1
720,318,1
721,293,2
721,568,1
722,464,1
723,341,1
723,457,1
724,203,1
725,103,2
725,724,2
725,822,1
725,876,1
726,970,1
727,645,1
728,721,1
729,327,1
729,949,1
730,117,1
730,228,1
730,500,1
730,912,2
731,656,1
732,450,1
732,815,1
733,287,1
733,348,1
734,619,1
734,701,1
735,68,1
735,73,2
735,820,1
736,119,1
736,619,1
737,366,1
738,685,1
739,526,1
740,533,1
741,591,1
741,692,2
741,874,1
742,63,1
742,832,1
743,67,1
743,819,1
744,44,1
744,961,1
745,551,1
745,717,1
746,201,1
746,871,1
747,703,1
747,794,1
748,148,1
748,793,1
748,794,2
749,258,1
750,646,1
750,812,2
751,43,1
751,80,1
752,511,1
753,463,1
754,77,1
754,702,1
755,631,1
755,936,1
756,90,1
757,478,1
758,208,1
758,314,1
758,597,1
759,374,1
759,528,1
760,308,1
760,892,1
761,663,1
762,602,1
763,280,1
763,455,1
763,754,1
764,277,1
764,285,1
765,238,2
765,312,1
766,553,1
767,87,1
767,405,2
767,831,1
768,267,1
768,904,1
769,195,1
769,305,1
770,59,1
771,232,1
772,530,1
773,374,1
773,771,1
774,482,1
775,434,1
776,392,1
777,499,1
777,737,1
778,919,2
778,921,1
779,716,1
780,131,1
780,497,2
781,386,1
781,497,1
782,337,1
782,982,1
783,437,1
784,349,1
784,951,1
785,986,1
786,33,1
787,98,1
787,184,1
788,189,1
788,681,1
789,179,1
789,274,1
789,335,1
790,237,1
791,28,1
791,535,2
792,55,1
793,46,1
793,222,1
793,396,1
794,815,1
795,354,1
795,459,1
796,149,2
796,195,1
796,998,1
797,735,1
798,976,1
799,558,1
800,949,1
801,316,1
801,421,1
801,579,2
802,217,1
802,658,1
803,276,1
804,490,1
805,159,1
805,317,2
805,639,1
805,844,1
806,742,1
807,382,1
808,53,1
809,416,1
809,447,1
809,789,1
810,895,1
811,512,1
812,956,1
813,171,2
813,606,1
814,338,1
814,711,1
815,810,1
816,330,2
816,725,1
817,437,1
817,606,1
818,59,1
818,400,2
819,266,1
820,147,1
821,962,1
822,224,1
823,751,1
824,87,1
824,608,1
825,122,1
825,893,1
826,627,1
827,921,1
828,773,1
828,847,1
829,845,1
830,246,1
830,580,1
831,51,1
831,466,2
832,89,1
832,693,2
832,827,1
832,986,1
833,665,1
834,715,1
835,13,1
835,37,1
835,120,2
835,919,1
836,194,1
836,206,1
837,211,1
838,497,1
838,994,1
839,333,1
840,635,1
840,976,1
841,843,1
842,763,1
843,117,2
843,375,1
844,187,1
844,450,1
844,503,2
844,859,1
845,273,1
845,980,1
846,455,1
847,180,1
847,374,2
847,470,1
848,283,1
848,303,1
848,619,2
849,507,1
850,30,1
850,223,1
850,614,1
851,357,1
852,205,1
852,627,1
852,653,2
853,354,1
853,805,2
854,748,1
855,13,2
855,714,1
855,877,1
856,427,1
857,356,1
857,699,1
858,542,2
858,752,1
858,934,1
859,266,1
859,907,1
860,112,1
861,175,1
861,581,1
862,732,1
862,870,1
863,425,1
864,60,2
864,335,2
864,401,1
864,682,1
865,860,1
866,965,1
867,91,1
867,118,2
867,132,1
868,403,1
868,893,1
869,208,1
870,850,1
871,86,2
871,469,1
872,938,1
873,139,2
873,183,1
873,634,1
873,858,2
873,872,1
874,192,1
874,196,2
874,321,1
875,729,1
875,848,1
876,234,1
876,332,1
876,369,1
877,84,1
877,727,1
877,773,1
878,740,1
879,413,1
879,738,1
880,87,1
880,273,1
880,517,1
880,715,2
880,934,1
881,265,1
881,932,1
882,161,1
883,421,1
884,935,1
885,182,1
885,920,1
886,682,1
887,619,1
887,778,1
888,163,1
889,269,2
889,598,1
890,125,1
891,374,1
891,405,1
892,537,1
892,709,2
892,862,1
893,444,1
894,212,2
894,640,1
895,369,1
896,706,1
897,51,1
897,772,1
898,165,1
898,409,1
899,124,1
899,622,1
900,232,1
900,729,2
901,117,1
902,980,1
903,123,1
903,322,1
904,276,1
904,387,1
905,806,1
905,851,1
906,251,1
906,457,1
906,888,1
907,662,1
908,87,1
909,928,1
910,347,1
910,395,1
911,101,1
912,242,1
912,924,1
913,631,1
914,13,1
914,316,2
914,681,1
915,158,1
915,981,1
916,220,1
916,432,1
917,179,1
917,698,1
918,765,1
918,832,1
919,353,1
920,311,2
920,857,1
920,893,1
920,961,1
921,242,1
921,318,1
921,801,2
922,321,1
923,202,1
924,96,1
924,442,1
924,750,1
925,214,1
926,365,1
926,381,1
926,486,2
927,326,1
927,973,1
928,246,1
928,674,1
929,907,1
929,927,1
930,599,1
931,516,1
932,277,1
933,84,1
933,186,1
933,956,1
934,76,1
934,199,2
935,35,2
935,794,1
936,109,1
936,672,1
936,757,2
937,89,1
938,10,2
938,999,1
939,33,1
939,479,1
940,24,2
940,114,1
940,225,1
940,816,1
940,946,1
941,248,1
941,364,1
942,258,1
943,205,1
943,691,1
944,563,1
945,206,1
945,903,2
946,42,1
946,574,2
946,692,1
947,137,2
947,694,1
947,987,1
948,198,1
948,263,1
948,629,2
949,387,1
949,962,1
950,51,1
950,809,1
951,676,1
951,921,1
952,671,1
952,703,1
953,589,1
954,653,1
955,219,2
955,413,1
955,436,1
956,724,1
957,754,1
958,672,1
959,771,1
960,46,1
960,763,1
961,650,2
961,981,1
962,315,1
963,781,1
963,891,2
964,192,1
964,524,1
964,854,1
965,163,1
966,342,1
967,104,1
967,270,1
967,386,2
967,488,2
968,255,1
969,453,1
969,511,1
970,53,1
970,498,1
970,581,1
970,587,2
970,945,2
971,545,1
971,704,1
972,209,1
972,855,1
972,896,1
973,433,1
974,128,1
975,203,1
975,311,2
976,666,1
977,143,1
977,986,1
978,82,1
978,95,1
978,828,2
979,795,1
979,801,1
979,919,1
980,20,1
981,258,2
981,658,1
982,272,1
983,315,1
984,128,2
984,140,1
984,575,1
984,740,2
985,850,1
986,484,1
987,434,1
988,289,1
988,453,1
989,532,1
989,755,1
990,714,1
991,207,1
991,298,1
991,668,1
992,254,1
993,236,1
993,504,1
994,107,1
995,669,1
996,602,2
996,958,1
997,320,1
998,52,2
998,54,1
998,227,1
999,196,1
999,438,1
1000,589,2
1000,982,1
1001,110,1
1002,754,1
1002,937,1
1003,732,1
1004,343,1
1005,56,1
1006,449,1
1006,674,1
1007,861,1
1008,837,1
1008,909,1
1009,165,1
1009,302,2
1009,837,1
1010,392,1
1010,685,1
1011,80,1
1012,150,1
1012,663,1
1013,575,1
1014,977,1
1015,523,1
1016,845,1
1017,17,1
1017,438,1
1018,906,1
1019,591,1
1020,247,1
1021,754,1
1021,896,1
1021,991,1
1022,419,1
1022,686,1
1022,710,1
1023,759,1
1023,792,1
1024,256,1
1024,407,1
1025,444,1
1025,843,1
1026,570,1
1026,684,1
1027,916,1
1027,991,1
1028,693,1
1029,712,1
1030,403,1
1030,525,1
1031,592,1
1032,273,1
1033,571,1
1034,801,1
1034,940,1
1035,92,1
1035,415,1
1035,468,2
1036,221,1
1036,741,1
1037,925,1
1038,693,1
1039,420,2
1039,621,1
1040,435,1
1041,274,1
1041,428,1
1041,636,2
1042,103,1
1042,313,1
1043,267,1
1044,817,1
1045,106,2
1045,734,1
1045,915,1
1046,335,1
1046,385,1
1047,974,1
1048,327,1
1048,824,1
1049,428,1
1049,693,2
1050,909,1
1051,921,2
1051,969,1
1052,128,1
1052,374,1
1053,481,1
1053,610,1
1053,881,1
1054,558,1
1055,655,1
1056,776,1
1056,888,1
1057,451,1
1057,634,2
1058,169,1
1058,329,1
1059,318,2
1059,632,1
1059,979,1
1060,567,1
1061,148,1
1061,434,1
1062,664,1
1063,279,2
1063,652,1
1064,713,1
1064,939,1
1065,544,1
1066,545,1
1067,614,1
1068,323,1
1068,724,2
1068,874,1
1069,249,1
1069,601,1
1070,239,1
1071,78,1
1071,663,1
1072,374,1
1073,378,1
1073,605,1
1074,278,1
1075,380,1
1076,144,1
1077,423,1
1078,809,1
1079,823,1
1080,62,1
1081,881,1
1082,331,1
1082,518,1
1082,747,2
1083,647,1
1083,918,1
1084,370,2
1084,451,1
1085,987,1
1086,364,1
1086,470,1
1087,932,1
1088,40,1
1088,676,1
1089,129,1
1089,231,1
1089,791,2
1090,715,1
1090,961,1
1091,808,1
1092,651,2
1092,817,1
1093,368,1
1094,289,1
1095,61,1
1095,92,1
1096,813,1
1097,542,1
1097,633,1
1098,235,1
1098,814,1
1099,643,1
1100,23,1
1101,994,1
1102,151,1
1103,795,1
1104,459,1
1104,863,1
1105,29,2
1105,451,1
1105,658,1
1106,514,1
1107,890,1
1108,710,1
1109,957,1
1110,820,1
1111,807,1
1112,174,2
1112,376,1
1112,528,1
1113,636,1
1113,842,2
1113,994,1
1114,550,1
1114,626,1
1115,342,1
1116,194,1
1116,879,2
1116,990,1
1117,445,1
1118,242,1
1119,57,2
1119,939,1
1120,737,1
1121,893,1
1122,854,1
1123,858,1
1123,901,1
1124,374,1
1124,477,1
1125,177,1
1126,477,1
1126,649,1
1127,171,1
1128,227,1
1128,269,1
1129,372,1
1129,758,1
1130,403,1
1131,744,1
1132,875,1
1133,100,1
1133,569,1
1133,971,2
1134,277,1
1134,674,1
1135,918,1
1136,13,1
1137,851,1
1138,154,2
1138,918,1
1139,811,1
1140,183,1
1140,575,1
1141,139,1
1142,342,1
1142,790,1
1143,531,1
1144,248,1
1145,495,1
1146,21,1
1147,126,2
1147,929,1
1148,317,1
1149,780,1
1149,852,1
1150,697,1
1150,945,1
1151,353,1
1152,646,1
1152,931,1
1153,304,1
1154,372,1
1155,168,1
1156,790,1
1156,810,1
1157,407,1
1158,143,1
1158,223,1
1159,746,1
1159,951,1
1160,176,1
1160,373,2
1161,933,1
1162,503,1
1163,110,1
1163,542,1
1163,831,1
1164,368,1
1164,566,1
1165,339,1
1165,385,1
1166,301,1
1166,373,2
1166,969,1
1167,53,1
1167,168,1
1168,177,1
1168,219,1
1168,863,2
1169,124,1
1169,215,1
1170,319,1
1171,609,1
1172,226,1
1172,928,1
1173,513,2
1173,544,1
1174,496,1
1175,280,1
1176,448,1
1177,474,1
1178,524,1
1179,439,1
1179,957,1
1180,707,1
1181,657,1
1182,256,1
1183,824,1
1184,382,1
1185,130,1
1186,6,1
1187,450,1
1188,331,1
1189,831,1
1190,374,1
1190,422,1
1191,592,1
1192,252,1
1192,537,2
1192,969,1
1193,47,1
1193,640,1
1194,260,1
1195,581,1
1196,337,1
1196,977,1
1197,83,1
1198,263,2
1198,811,1
1199,159,1
1200,111,1
1200,524,1
1200,544,2
1200,964,2
1201,371,1
1202,302,1
1202,835,2
1203,308,1
1203,311,1
1203,458,1
1204,247,1
1205,84,1
1205,727,2
1205,832,1
1206,480,1
1206,908,1
1207,616,1
1208,472,1
1209,956,1
1210,331,1
1210,695,1
1210,771,2
1211,116,1
1211,866,1
1212,435,1
1212,508,1
1213,660,1
1214,461,1
1215,616,1
1216,541,1
1216,890,1
1217,220,2
1217,508,1
1218,124,1
1218,380,2
1218,740,1
1219,336,1
1219,962,1
1220,120,1
1221,29,1
1221,743,1
1221,951,1
1222,316,1
1222,561,2
1222,848,1
1223,820,1
1224,936,1
1225,6,2
1225,101,1
1225,314,1
1226,7,1
1226,530,1
1227,75,1
1227,777,1
1228,153,2
1228,691,1
1229,618,1
1230,654,1
1231,44,1
1231,865,1
1232,170,1
1233,438,1
1233,536,2
1234,572,1
1234,807,1
1235,190,1
1236,381,1
1237,128,1
1237,540,2
1238,755,1
1238,927,1
1239,414,1
1240,157,1
1240,939,1
1241,544,1
1242,20,1
1243,396,1
1243,671,2
1244,124,2
1244,511,1
1244,833,1
1245,87,1
1246,894,1
1247,652,1
1248,230,1
1249,736,1
1249,778,1
1250,551,1
1250,709,1
1251,561,1
1251,641,1
1252,892,1
1252,906,1
1252,918,2
1253,41,1
1253,436,1
1254,458,1
1255,36,1
1255,924,1
1256,455,1
1256,507,1
1257,135,1
1258,777,1
1259,483,1
1260,177,1
1261,492,2
1261,507,1
1261,843,1
1261,853,1
1262,140,2
1262,568,1
1263,630,1
1263,901,1
1264,643,1
1265,666,1
1265,960,1
1266,265,1
1266,350,1
1266,688,1
1267,463,1
1267,471,2
1268,237,1
1268,490,1
1269,925,1
1270,385,1
1271,76,1
1271,516,1
1271,748,2
1272,190,1
1272,804,1
1272,899,1
1273,645,1
1274,643,1
1275,21,1
1275,876,1
1276,410,1
1276,517,1
1276,808,1
1277,662,1
1278,40,1
1279,720,1
1279,842,1
1280,26,1
1280,720,1
1281,282,2
1281,327,1
1282,933,1
1283,431,1
1283,531,1
1284,525,1
1285,864,1
1286,645,1
1286,990,2
1287,941,1
1288,46,1
1288,61,2
1288,240,1
1288,908,1
1289,850,1
1290,930,1
1291,270,1
1291,934,1
1292,110,1
1292,541,1
1293,575,1
1294,493,1
1294,950,2
1295,663,2
1295,982,1
1296,365,1
1296,584,1
1297,8,2
1297,624,1
1298,172,1
1298,601,1
1299,537,1
1300,222,1
1300,303,2
1301,266,2
1301,842,1
1302,108,1
1303,604,1
1304,442,1
1305,254,1
1305,388,1
1306,579,1
1307,282,1
1308,282,1
1309,6,1
1309,10,1
1310,909,1
1311,414,1
1312,35,1
1312,387,1
1312,562,2
1313,877,1
1314,77,1
1314,218,2
1314,916,1
1315,601,1
1316,173,1
1316,232,2
1317,25,1
1317,161,1
1318,49,1
1319,703,1
1320,183,1
1320,277,1
1321,585,1
1322,857,1
1322,897,1
1323,267,1
1324,27,2
1324,211,1
1325,329,1
1325,825,1
1326,261,1
1326,812,1
1327,210,1
1327,246,1
1328,795,1
1329,372,1
1330,795,1
1330,982,1
1331,441,1
1331,529,1
1331,783,1
1332,122,2
1332,323,1
1332,539,1
1333,878,1
1333,881,1
1334,743,1
1334,891,2
1335,72,2
1335,755,1
1335,936,1
1336,240,1
1337,75,1
1337,485,1
1338,1,1
1338,879,1
1339,581,2
1339,621,1
1339,770,1
1340,245,1
1341,499,1
1341,563,2
1342,792,1
1343,4,1
1343,354,1
1343,866,2
1344,831,1
1345,262,1
1345,453,2
1346,887,1
1347,203,1
1347,315,1
1348,157,1
1348,579,1
1349,760,1
1350,462,1
1351,847,1
1352,723,1
1353,279,1
1353,465,1
1354,988,1
1355,238,1
1356,109,1
1356,805,1
1357,726,1
1357,809,1
1358,616,1
1358,900,1
1359,476,1
1360,860,1
1361,108,1
1362,430,1
1362,939,1
1363,358,1
1364,50,1
1365,519,1
1366,594,1
1367,754,1
1367,817,1
1368,754,1
1368,829,2
1369,952,1
1370,960,1
1371,255,1
1372,397,1
1372,452,1
1373,18,1
1373,407,1
1374,142,1
1375,133,1
1375,168,1
1376,20,1
1376,91,2
1376,714,1
1377,408,1
1377,645,1
1378,313,1
1379,282,1
1379,789,1
1379,850,1
1380,563,1
1380,601,1
1381,645,1
1381,896,1
1382,433,2
1382,557,1
1382,998,1
1383,751,1
1384,11,1
1385,48,1
1385,72,2
1385,139,1
1385,748,1
1386,289,1
1386,717,1
1387,486,1
1387,771,1
1387,946,2
1388,760,1
1389,853,1
1390,28,1
1391,713,1
1392,567,1
1393,223,1
1393,917,1
1394,545,1
1394,976,1
1395,324,1
1396,767,1
1397,286,1
1397,521,1
1398,57,1
1399,623,1
1400,311,1
1401,302,1
1401,871,1
1402,187,1
1403,194,1
1403,222,1
1403,775,1
1404,278,1
1405,537,1
1405,760,1
1406,311,1
1406,559,1
1407,291,1
1407,770,1
1408,455,1
1408,559,1
1408,685,2
1409,187,1
1409,254,1
1410,424,1
1410,610,1
1410,621,2
1411,115,1
1411,284,1
1412,337,2
1412,494,1
1413,76,1
1413,371,1
1413,454,2
1414,530,1
1415,712,1
1416,67,1
1417,682,1
1417,884,1
1418,535,1
1418,749,1
1419,837,1
1420,185,1
1420,238,1
1421,371,1
1421,618,1
1422,934,1
1423,853,1
1424,339,1
1425,157,1
1426,73,1
1426,272,1
1426,783,2
1427,966,1
1428,333,1
1428,840,1
1429,758,1
1429,775,2
1430,658,1
1431,204,1
1431,787,1
1432,862,1
1433,508,2
1433,709,1
1434,258,1
1435,386,1
1436,860,1
1437,143,1
1438,59,1
1438,280,2
1438,611,1
1439,617,1
1440,116,1
1441,583,1
1441,642,1
1442,381,1
1443,848,1
1444,317,1
1445,645,1
1446,195,1
1447,616,1
1448,181,1
1448,312,1
1449,217,1
1449,865,1
1450,110,1
1451,342,1
1452,441,1
1453,147,1
1453,236,1
1454,892,1
1455,799,1
1456,563,1
1457,556,1
1458,111,1
1458,234,1
1458,999,1
1459,144,1
1459,907,1
1460,641,1
1461,721,1
1461,918,2
1461,977,1
1462,47,1
1462,134,1
1463,3,1
1464,2,2
1464,60,1
1464,190,1
1465,170,1
1465,391,2
1465,581,1
1466,867,1
1467,703,1
1468,65,1
1469,613,1
1470,701,1
1471,428,1
1471,750,1
1472,279,1
1472,926,2
1472,967,1
1473,270,1
1473,310,1
1473,909,2
1474,190,1
1475,849,2
1475,990,1
1476,441,1
1477,440,1
1477,447,1
1478,327,1
1479,736,1
1480,676,1
1480,941,1
1481,34,1
1481,195,1
1482,94,1
1483,562,2
1483,733,1
1483,782,1
1484,19,1
1484,281,1
1485,95,1
1486,257,1
1487,448,1
1487,553,1
1488,308,1
1489,577,1
1490,978,1
1491,116,1
1491,292,1
1491,426,1
1492,25,1
1493,220,1
1494,375,1
1494,579,1
1495,576,1
1496,310,1
1497,271,1
1497,751,1
1498,44,1
1499,73,1
1499,888,1
1500,907,1
1501,287,2
1501,384,2
1501,545,1
1501,742,1
1501,768,1
1502,675,1
1502,751,1
1503,279,1
1504,196,1
1504,805,1
1505,462,1
1505,552,1
1506,616,1
1507,652,1
1508,162,1
1508,906,1
1509,87,1
1509,892,1
1510,413,1
1510,460,1
1511,120,1
1511,221,2
1512,105,1
1512,744,1
1513,57,1
1514,681,1
1514,806,1
1515,833,1
1516,66,1
1517,236,1
1517,911,2
1518,29,1
1518,65,1
1518,663,2
1519,497,1
1520,341,1
1520,670,1
1521,373,1
1521,767,1
1522,81,1
1523,401,1
1523,848,1
1524,886,1
1525,678,1
1526,103,1
1527,517,1
1527,718,1
1528,120,1
1529,678,1
1530,997,1
1531,849,1
1532,127,2
1532,854,1
1532,988,1
1533,331,1
1533,959,1
1534,484,1
1534,634,1
1535,734,1
1536,77,1
1536,242,1
1536,612,1
1537,306,2
1537,480,1
1537,839,1
1538,672,1
1539,1000,1
1540,307,1
1540,806,1
1541,392,1
1542,241,1
1542,785,1
1543,254,1
1543,400,2
1543,488,1
1544,160,1
1544,671,1
1545,422,1
1546,157,1
1547,348,1
1547,397,1
1547,970,1
1548,241,1
1549,417,1
1549,537,1
1549,974,1
1550,604,1
1551,328,1
1551,595,1
1551,997,1
1552,845,1
1553,160,1
1553,661,1
1554,413,1
1555,700,1
1555,763,1
1556,239,1
1557,218,1
1558,849,1
1559,440,1
1560,100,1
1561,112,1
1561,284,1
1562,461,1
1562,487,2
1563,222,1
1563,977,1
1564,564,1
1565,115,1
1565,501,1
1566,113,1
1566,698,2
1566,727,1
1566,959,1
1567,594,1
1567,772,1
1568,445,1
1568,808,1
1569,238,1
1569,485,1
1570,306,1
1570,921,1
1571,568,1
1572,52,1
1573,78,1
1574,281,1
1575,922,1
1576,619,1
1576,891,2
1577,547,1
1578,462,1
1579,512,1
1579,788,1
1580,506,1
1581,332,1
1582,469,1
1582,599,2
1583,529,1
1584,841,1
1585,270,1
1585,626,1
1586,37,1
1586,708,1
1587,25,1
1587,252,2
1587,548,1
1588,712,1
1589,310,1
1590,400,1
1590,606,1
1591,598,1
1592,815,1
1593,908,1
1594,398,1
1594,677,1
1595,482,1
1596,110,1
1596,254,1
1597,88,1
1597,165,1
1597,622,1
1598,23,1
1598,188,1
1599,966,1
1600,516,1
1600,680,1
1601,334,1
1601,513,2
1601,617,1
1602,252,1
1603,259,2
1603,656,1
1603,977,1
1604,840,1
1605,688,1
1606,211,1
1606,565,1
1607,103,1
1607,382,1
1607,546,1
1608,493,1
1608,916,2
1609,469,1
1610,333,2
1610,654,1
1610,909,1
1611,323,1
1612,583,1
1613,548,1
1614,326,1
1614,731,1
1615,827,1
1616,744,1
1617,106,1
1617,616,1
1617,770,2
1618,158,1
1618,561,1
1619,876,1
1620,943,1
1620,986,1
1621,554,1
1621,570,1
1622,281,1
1622,282,1
1623,638,1
1624,767,1
1625,912,1
1626,310,1
1627,663,1
1627,870,1
1628,901,1
1629,439,1
1629,645,1
1629,967,2
1630,232,1
1630,973,1
1631,985,1
1632,535,1
1632,826,1
1633,67,1
1634,759,1
1635,217,1
1635,420,1
1636,253,1
1636,481,1
1636,950,2
1637,198,1
1638,460,1
1639,570,1
1640,600,1
1640,794,1
1641,796,1
1641,991,1
1642,67,2
1642,669,1
1643,86,1
1643,228,1
1643,280,1
1644,587,1
1645,812,1
1646,348,1
1647,809,1
1648,189,1
1649,31,1
1650,523,1
1651,161,2
1651,208,1
1652,933,1
1653,467,1
1654,465,1
1655,229,1
1656,217,1
1657,176,1
1657,952,1
1658,260,1
1659,94,1
1660,361,1
1661,397,1
1661,641,1
1661,852,1
1662,784,1
1663,990,1
1664,32,1
1664,279,1
1664,368,1
1665,564,1
1666,876,1
1667,189,1
1667,357,1
1668,295,1
1669,181,2
1669,794,1
1670,885,1
1671,75,1
1671,249,1
1672,159,2
1672,460,1
1672,851,1
1673,199,1
1673,427,1
1674,895,1
1675,131,1
1676,536,1
1676,798,1
1676,953,2
1677,168,1
1678,24,1
1678,216,1
1679,3,1
1679,407,1
1680,878,1
1681,119,1
1681,233,1
1681,808,1
1682,945,1
1683,609,1
1684,610,1
1684,680,2
1685,827,1
1686,294,1
1687,948,1
1688,434,1
1688,513,1
1688,729,1
1688,897,1
1689,130,1
1690,263,1
1691,125,1
1691,132,1
1692,850,1
1693,413,1
1693,983,1
1694,50,1
1694,169,1
1694,713,1
1695,291,1
1695,669,1
1696,150,1
1697,42,1
1698,704,1
1699,886,1
1700,749,1
1701,642,1
1702,594,1
1703,257,1
1703,928,1
1704,603,1
1705,674,1
1705,804,1
1705,865,1
1706,76,2
1706,213,1
1706,685,1
1707,37,1
1707,483,1
1708,654,2
1708,987,1
1709,144,1
1709,504,1
1710,289,1
1710,608,1
1711,746,1
1712,97,1
1713,105,1
1714,797,1
1715,268,1
1716,588,1
1716,670,1
1717,64,2
1717,114,1
1717,260,1
1718,349,1
1719,450,1
1719,650,2
1719,748,1
1720,609,1
1721,713,1
1722,950,1
1723,419,1
1723,555,1
1724,273,1
1724,580,1
1724,660,2
1724,715,1
1725,783,1
1725,884,1
1726,881,1
1727,546,1
1728,340,1
1729,29,1
1729,486,1
1730,384,1
1730,708,1
1731,976,1
1732,155,2
1732,664,1
1732,727,1
1733,734,1
1734,379,1
1735,513,1
1736,281,2
1736,326,1
1737,434,1
1737,494,1
1738,429,2
1738,825,1
1739,757,1
1740,419,1
1741,421,1
1742,29,1
1742,746,2
1742,819,1
1743,386,1
1743,853,1
1744,91,1
1745,508,1
1746,712,1
1746,964,1
1747,359,1
1747,814,2
1748,315,1
1749,18,1
1749,88,1
1749,605,1
1750,299,1
1750,745,1
1751,315,1
1751,893,2
1752,200,1
1753,222,2
1753,493,1
1754,662,1
1755,76,2
1755,85,1
1756,82,1
1756,296,1
1757,398,1
1757,507,1
1757,875,1
1758,497,1
1759,607,1
1760,369,1
1760,450,2
1761,33,2
1761,398,1
1761,624,1
1762,47,1
1762,235,1
1763,98,1
1764,844,1
1765,880,1
1766,357,1
1767,174,1
1767,812,2
1768,662,1
1769,733,1
1770,789,1
1771,602,1
1772,757,1
1772,816,1
1772,880,1
1773,6,2
1773,44,1
1773,204,1
1774,593,1
1774,995,1
1775,370,1
1775,878,1
1775,947,1
1776,338,1
1777,512,1
1778,321,1
1778,720,2
1779,586,1
1780,818,1
1781,953,1
1782,122,1
1783,180,1
1784,156,1
1784,827,2
1784,937,1
1785,827,1
1786,72,1
1787,32,1
1787,997,2
1788,135,1
1788,770,1
1788,883,2
1789,847,1
1790,47,1
1790,768,1
1791,615,1
1792,326,1
1792,500,1
1793,633,1
1794,244,1
1794,1000,1
1795,880,1
1796,155,1
1796,703,2
1796,782,1
1797,614,1
1798,171,2
1798,395,1
1798,762,1
1798,820,1
1799,599,1
1799,942,1
1800,526,1
1801,156,1
1801,565,1
1801,872,2
1801,879,1
1802,742,1
1803,105,1
1804,235,1
1804,383,1
1804,999,1
1805,11,1
1805,72,1
1805,418,2
1806,17,1
1806,418,1
1806,529,1
1806,875,2
1807,319,1
1808,206,1
1808,621,1
1808,680,2
1809,589,1
1810,403,1
1810,505,1
1811,356,1
1812,637,1
1812,676,1
1813,335,1
1814,193,1
1815,825,1
1816,24,1
1817,203,1
1817,308,1
1818,378,1
1819,7,1
1819,498,1
1820,681,1
1820,840,1
1821,292,1
1821,808,1
1822,488,1
1822,852,1
1823,604,1
1824,110,1
1824,111,2
1824,797,1
1825,634,1
1826,163,1
1826,875,1
1826,993,2
1827,3,1
1828,930,1
1829,416,1
1829,492,1
1829,946,2
1830,386,1
1830,607,2
1830,763,1
1831,896,1
1832,228,1
1832,278,1
1833,128,1
1833,392,2
1834,9,1
1834,131,1
1835,326,1
1835,631,1
1836,510,1
1837,872,1
1838,266,1
1838,448,1
1839,344,1
1839,734,1
1840,12,1
1840,394,1
1841,111,1
1841,439,1
1842,235,1
1842,289,1
1843,53,1
1844,383,1
1844,580,1
1844,606,2
1845,602,1
1845,828,2
1846,296,1
1846,825,1
1847,548,1
1848,852,1
1848,985,1
1849,237,1
1850,13,1
1850,820,1
1851,769,1
1852,258,1
1852,755,2
1853,613,2
1853,638,1
1854,251,1
1855,204,1
1856,614,1
1856,635,1
1857,688,1
1858,972,1
1859,635,1
1859,749,2
1859,902,1
1860,253,1
1860,982,1
1861,170,1
1862,151,1
1862,213,1
1863,133,1
1863,721,1
1864,877,1
1865,35,1
1865,241,1
1866,37,1
1866,527,1
1867,861,1
1867,912,1
1868,641,1
1868,909,1
1869,707,1
1869,712,1
1870,71,2
1870,132,2
1870,708,1
1870,840,1
1870,960,1
1871,291,1
1871,966,1
1872,299,1
1872,420,1
1873,897,1
1873,954,1
1874,38,1
1875,798,1
1876,510,1
1877,259,1
1877,288,1
1877,505,1
1878,396,1
1879,35,1
1879,596,1
1879,740,2
1880,779,1
1881,242,1
1882,682,1
1882,827,1
1883,650,1
1884,612,1
1885,331,1
1886,262,1
1886,573,1
1886,617,2
1886,958,1
1887,66,1
1887,899,1
1888,503,1
1889,10,2
1889,386,1
1889,958,1
1889,964,1
1890,26,1
1891,566,1
1892,191,1
1892,665,2
1893,363,1
1893,366,2
1893,394,2
1893,774,1
1894,416,1
1895,135,1
1896,724,1
1897,180,1
1897,630,1
1898,300,2
1898,701,1
1898,710,1
1898,722,1
1899,347,1
1899,431,1
1900,31,1
1900,600,1
1900,922,1
1901,247,1
1902,259,1
1902,263,1
1902,742,1
1903,165,2
1903,306,1
1903,502,1
1904,177,1
1905,84,1
1905,188,1
1905,251,2
1905,430,1
1906,231,1
1907,139,1
1907,756,2
1908,303,1
1908,329,1
1909,210,1
1909,824,1
1910,510,1
1911,133,1
1911,376,2
1911,384,1
1912,107,1
1912,671,1
1913,99,1
1913,509,2
1913,611,1
1913,927,1
1914,201,1
1915,18,2
1915,598,1
1915,701,1
1916,826,1
1917,459,1
1918,94,2
1918,417,1
1919,166,1
1919,928,1
1920,447,1
1920,887,1
1921,184,1
1922,104,2
1922,154,1
1922,946,1
1923,541,1
1923,997,1
1924,19,1
1925,278,1
1926,743,1
1926,884,1
1927,464,2
1927,646,1
1928,891,1
1929,27,1
1929,545,2
1929,936,1
1930,43,1
1930,53,2
1931,565,1
1932,86,1
1933,719,1
1934,281,1
1934,447,1
1935,420,1
1935,746,2
1936,872,1
1937,882,1
1938,392,1
1939,731,1
1940,466,1
1941,371,1
1942,974,1
1943,201,1
1943,739,1
1944,326,1
1945,790,1
1946,187,2
1946,443,1
1946,612,1
1946,716,2
1947,730,1
1948,206,1
1949,334,1
1950,55,2
1950,658,1
1950,955,1
1951,451,1
1952,858,1
1953,283,1
1954,692,2
1954,771,1
1955,84,1
1956,582,1
1957,281,2
1957,726,1
1957,807,1
1957,937,1
1958,146,1
1959,70,1
1960,257,1
1961,473,1
1962,289,1
1962,550,1
1963,17,1
1963,764,1
1964,513,1
1964,641,2
1964,852,1
1965,739,1
1966,896,1
1967,359,1
1967,870,1
1968,501,1
1969,271,1
1970,702,1
1971,174,1
1972,145,1
1972,933,1
1973,902,1
1973,962,1
1974,615,1
1974,891,1
1974,970,1
1975,907,1
1976,734,1
1977,381,1
1977,771,1
1978,387,1
1978,647,1
1978,871,2
1979,527,1
1980,176,1
1980,208,1
1980,497,2
1981,276,2
1981,918,1
1982,507,1
1983,269,1
1983,988,1
1984,1000,1
1985,390,2
1985,549,1
1986,255,2
1986,606,1
1986,970,1
1987,134,1
1987,837,1
1988,95,1
1988,796,1
1989,219,1
1990,403,1
1991,382,1
1992,81,1
1993,156,1
1993,311,2
1993,883,1
1994,203,1
1995,716,1
1996,303,1
1996,583,2
1996,707,1
1997,896,1
1998,339,1
1998,454,1
1999,636,1
2000,99,1
2000,521,1
2000,693,1
